pera,pera123,Pera,Peric,Administrator,100000
mikamikic,mika123,Mika,Mikic,Recepcioner,80000
nikolanikolic,nikola123,Nikola,Nikolic,Recepcioner,75999
janajanic,jana123,Jana,Janic,Sobarica,65000
milicamilic@gmail.com,milica123,Milica,Milic,Gost,0
ana.anic@gmail.com,ana123,Ana,Anic,Gost,0
milicajovanic,mic123,milica,jovanic,Recepcioner,78000
majam,makimaki123,Maja,Makic,Sobarica,60000
nevena,nena123,Nevena,Nenic,Recepcioner,76100
ivanivanic,ivan123,Ivan,Ivanovic,Recepcioner,73500
sobicka,sob123,Dana,Danic,Sobarica,50000
marijaikic,marija123,Marija,Ikic,Sobarica,60000
hanahanic@gmail.com,9329881,Hana,Hanic,Gost,0
